{
    "ae2a6790-6e1b-11ea-bb49-74dfbf948969": [
        {
            "text": "asdfsadf",
            "probability": 1.0,
            "start_logit": 0.4791520833969116,
            "end_logit": 0.504341721534729
        }
    ]
}
